Unnamed: 0,Date,closeprice,Side,Shares,Price,executeddate,modelref,OrderRef,ordertime,exetime,ordercanceltime,OrderPrice,commission,ticker,position,totalcost,averagecost,investment_mv,dividend,unrealized_gl,totalmv,end_capital,start_capital,cashflow,win,loss,realized_before_commission,realized_return_pertrade,realized_gl,total_gl,dailyreturn,holding,total_percent_gl,dailyreturn_percent,dailyreturn_realized_percent
0,2019-05-01,389.25,,,,,,,,,,,0,./Chagoi_wheat_futures_2019-05-01_2019-10-31/signal_only_4WEAT US EQUITY/tradelog/WEAT US EQUITY_1KWC1 COMDTY.csv,0.0,0.0,0.0,0.0,0,0.0,50000.0,50000.0,50000.0,0.0,0,0,0.0,0.0,0.0,0.0,0.0,0,0.0,0.0,0.0
1,2019-05-02,393.0,,,,,,,,,,,0,./Chagoi_wheat_futures_2019-05-01_2019-10-31/signal_only_4WEAT US EQUITY/tradelog/WEAT US EQUITY_1KWC1 COMDTY.csv,0.0,0.0,0.0,0.0,0,0.0,50000.0,50000.0,50000.0,0.0,0,0,0.0,0.0,0.0,0.0,0.0,0,0.0,0.0,0.0
2,2019-05-03,393.0,,,,,,,,,,,0,./Chagoi_wheat_futures_2019-05-01_2019-10-31/signal_only_4WEAT US EQUITY/tradelog/WEAT US EQUITY_1KWC1 COMDTY.csv,0.0,0.0,0.0,0.0,0,0.0,50000.0,50000.0,50000.0,0.0,0,0,0.0,0.0,0.0,0.0,0.0,0,0.0,0.0,0.0
3,2019-05-06,394.25,,,,,,,,,,,0,./Chagoi_wheat_futures_2019-05-01_2019-10-31/signal_only_4WEAT US EQUITY/tradelog/WEAT US EQUITY_1KWC1 COMDTY.csv,0.0,0.0,0.0,0.0,0,0.0,50000.0,50000.0,50000.0,0.0,0,0,0.0,0.0,0.0,0.0,0.0,0,0.0,0.0,0.0
4,2019-05-07,394.75,,,,,,,,,,,0,./Chagoi_wheat_futures_2019-05-01_2019-10-31/signal_only_4WEAT US EQUITY/tradelog/WEAT US EQUITY_1KWC1 COMDTY.csv,0.0,0.0,0.0,0.0,0,0.0,50000.0,50000.0,50000.0,0.0,0,0,0.0,0.0,0.0,0.0,0.0,0,0.0,0.0,0.0
5,2019-05-08,394.25,,,,,,,,,,,0,./Chagoi_wheat_futures_2019-05-01_2019-10-31/signal_only_4WEAT US EQUITY/tradelog/WEAT US EQUITY_1KWC1 COMDTY.csv,0.0,0.0,0.0,0.0,0,0.0,50000.0,50000.0,50000.0,0.0,0,0,0.0,0.0,0.0,0.0,0.0,0,0.0,0.0,0.0
6,2019-05-13,397.0,,,,,,,,,,,0,./Chagoi_wheat_futures_2019-05-01_2019-10-31/signal_only_4WEAT US EQUITY/tradelog/WEAT US EQUITY_1KWC1 COMDTY.csv,0.0,0.0,0.0,0.0,0,0.0,50000.0,50000.0,50000.0,0.0,0,0,0.0,0.0,0.0,0.0,0.0,0,0.0,0.0,0.0
7,2019-05-14,401.75,,,,,,,,,,,0,./Chagoi_wheat_futures_2019-05-01_2019-10-31/signal_only_4WEAT US EQUITY/tradelog/WEAT US EQUITY_1KWC1 COMDTY.csv,0.0,0.0,0.0,0.0,0,0.0,50000.0,50000.0,50000.0,0.0,0,0,0.0,0.0,0.0,0.0,0.0,0,0.0,0.0,0.0
8,2019-05-15,402.0,,,,,,,,,,,0,./Chagoi_wheat_futures_2019-05-01_2019-10-31/signal_only_4WEAT US EQUITY/tradelog/WEAT US EQUITY_1KWC1 COMDTY.csv,0.0,0.0,0.0,0.0,0,0.0,50000.0,50000.0,50000.0,0.0,0,0,0.0,0.0,0.0,0.0,0.0,0,0.0,0.0,0.0
9,2019-05-16,416.75,,,,,,,,,,,0,./Chagoi_wheat_futures_2019-05-01_2019-10-31/signal_only_4WEAT US EQUITY/tradelog/WEAT US EQUITY_1KWC1 COMDTY.csv,0.0,0.0,0.0,0.0,0,0.0,50000.0,50000.0,50000.0,0.0,0,0,0.0,0.0,0.0,0.0,0.0,0,0.0,0.0,0.0
10,2019-05-17,420.25,,,,,,,,,,,0,./Chagoi_wheat_futures_2019-05-01_2019-10-31/signal_only_4WEAT US EQUITY/tradelog/WEAT US EQUITY_1KWC1 COMDTY.csv,0.0,0.0,0.0,0.0,0,0.0,50000.0,50000.0,50000.0,0.0,0,0,0.0,0.0,0.0,0.0,0.0,0,0.0,0.0,0.0
11,2019-05-20,434.5,,,,,,,,,,,0,./Chagoi_wheat_futures_2019-05-01_2019-10-31/signal_only_4WEAT US EQUITY/tradelog/WEAT US EQUITY_1KWC1 COMDTY.csv,0.0,0.0,0.0,0.0,0,0.0,50000.0,50000.0,50000.0,0.0,0,0,0.0,0.0,0.0,0.0,0.0,0,0.0,0.0,0.0
12,2019-05-21,436.0,,,,,,,,,,,0,./Chagoi_wheat_futures_2019-05-01_2019-10-31/signal_only_4WEAT US EQUITY/tradelog/WEAT US EQUITY_1KWC1 COMDTY.csv,0.0,0.0,0.0,0.0,0,0.0,50000.0,50000.0,50000.0,0.0,0,0,0.0,0.0,0.0,0.0,0.0,0,0.0,0.0,0.0
13,2019-05-22,432.25,,,,,,,,,,,0,./Chagoi_wheat_futures_2019-05-01_2019-10-31/signal_only_4WEAT US EQUITY/tradelog/WEAT US EQUITY_1KWC1 COMDTY.csv,0.0,0.0,0.0,0.0,0,0.0,50000.0,50000.0,50000.0,0.0,0,0,0.0,0.0,0.0,0.0,0.0,0,0.0,0.0,0.0
14,2019-05-23,425.25,,,,,,,,,,,0,./Chagoi_wheat_futures_2019-05-01_2019-10-31/signal_only_4WEAT US EQUITY/tradelog/WEAT US EQUITY_1KWC1 COMDTY.csv,0.0,0.0,0.0,0.0,0,0.0,50000.0,50000.0,50000.0,0.0,0,0,0.0,0.0,0.0,0.0,0.0,0,0.0,0.0,0.0
15,2019-05-24,442.0,,,,,,,,,,,0,./Chagoi_wheat_futures_2019-05-01_2019-10-31/signal_only_4WEAT US EQUITY/tradelog/WEAT US EQUITY_1KWC1 COMDTY.csv,0.0,0.0,0.0,0.0,0,0.0,50000.0,50000.0,50000.0,0.0,0,0,0.0,0.0,0.0,0.0,0.0,0,0.0,0.0,0.0
16,2019-05-28,460.75,,,,,,,,,,,0,./Chagoi_wheat_futures_2019-05-01_2019-10-31/signal_only_4WEAT US EQUITY/tradelog/WEAT US EQUITY_1KWC1 COMDTY.csv,0.0,0.0,0.0,0.0,0,0.0,50000.0,50000.0,50000.0,0.0,0,0,0.0,0.0,0.0,0.0,0.0,0,0.0,0.0,0.0
17,2019-05-29,453.25,,,,,,,,,,,0,./Chagoi_wheat_futures_2019-05-01_2019-10-31/signal_only_4WEAT US EQUITY/tradelog/WEAT US EQUITY_1KWC1 COMDTY.csv,0.0,0.0,0.0,0.0,0,0.0,50000.0,50000.0,50000.0,0.0,0,0,0.0,0.0,0.0,0.0,0.0,0,0.0,0.0,0.0
18,2019-05-30,479.0,,,,,,,,,,,0,./Chagoi_wheat_futures_2019-05-01_2019-10-31/signal_only_4WEAT US EQUITY/tradelog/WEAT US EQUITY_1KWC1 COMDTY.csv,0.0,0.0,0.0,0.0,0,0.0,50000.0,50000.0,50000.0,0.0,0,0,0.0,0.0,0.0,0.0,0.0,0,0.0,0.0,0.0
19,2019-05-31,473.0,,,,,,,,,,,0,./Chagoi_wheat_futures_2019-05-01_2019-10-31/signal_only_4WEAT US EQUITY/tradelog/WEAT US EQUITY_1KWC1 COMDTY.csv,0.0,0.0,0.0,0.0,0,0.0,50000.0,50000.0,50000.0,0.0,0,0,0.0,0.0,0.0,0.0,0.0,0,0.0,0.0,0.0
20,2019-06-03,486.75,,,,,,,,,,,0,./Chagoi_wheat_futures_2019-05-01_2019-10-31/signal_only_4WEAT US EQUITY/tradelog/WEAT US EQUITY_1KWC1 COMDTY.csv,0.0,0.0,0.0,0.0,0,0.0,50000.0,50000.0,50000.0,0.0,0,0,0.0,0.0,0.0,0.0,0.0,0,0.0,0.0,0.0
21,2019-06-04,468.5,,,,,,,,,,,0,./Chagoi_wheat_futures_2019-05-01_2019-10-31/signal_only_4WEAT US EQUITY/tradelog/WEAT US EQUITY_1KWC1 COMDTY.csv,0.0,0.0,0.0,0.0,0,0.0,50000.0,50000.0,50000.0,0.0,0,0,0.0,0.0,0.0,0.0,0.0,0,0.0,0.0,0.0
22,2019-06-05,445.75,,,,,,,,,,,0,./Chagoi_wheat_futures_2019-05-01_2019-10-31/signal_only_4WEAT US EQUITY/tradelog/WEAT US EQUITY_1KWC1 COMDTY.csv,0.0,0.0,0.0,0.0,0,0.0,50000.0,50000.0,50000.0,0.0,0,0,0.0,0.0,0.0,0.0,0.0,0,0.0,0.0,0.0
23,2019-06-06,455.25,,,,,,,,,,,0,./Chagoi_wheat_futures_2019-05-01_2019-10-31/signal_only_4WEAT US EQUITY/tradelog/WEAT US EQUITY_1KWC1 COMDTY.csv,0.0,0.0,0.0,0.0,0,0.0,50000.0,50000.0,50000.0,0.0,0,0,0.0,0.0,0.0,0.0,0.0,0,0.0,0.0,0.0
24,2019-06-07,449.0,,,,,,,,,,,0,./Chagoi_wheat_futures_2019-05-01_2019-10-31/signal_only_4WEAT US EQUITY/tradelog/WEAT US EQUITY_1KWC1 COMDTY.csv,0.0,0.0,0.0,0.0,0,0.0,50000.0,50000.0,50000.0,0.0,0,0,0.0,0.0,0.0,0.0,0.0,0,0.0,0.0,0.0
25,2019-06-10,453.0,,,,,,,,,,,0,./Chagoi_wheat_futures_2019-05-01_2019-10-31/signal_only_4WEAT US EQUITY/tradelog/WEAT US EQUITY_1KWC1 COMDTY.csv,0.0,0.0,0.0,0.0,0,0.0,50000.0,50000.0,50000.0,0.0,0,0,0.0,0.0,0.0,0.0,0.0,0,0.0,0.0,0.0
26,2019-06-11,457.5,,,,,,,,,,,0,./Chagoi_wheat_futures_2019-05-01_2019-10-31/signal_only_4WEAT US EQUITY/tradelog/WEAT US EQUITY_1KWC1 COMDTY.csv,0.0,0.0,0.0,0.0,0,0.0,50000.0,50000.0,50000.0,0.0,0,0,0.0,0.0,0.0,0.0,0.0,0,0.0,0.0,0.0
27,2019-06-12,462.75,,,,,,,,,,,0,./Chagoi_wheat_futures_2019-05-01_2019-10-31/signal_only_4WEAT US EQUITY/tradelog/WEAT US EQUITY_1KWC1 COMDTY.csv,0.0,0.0,0.0,0.0,0,0.0,50000.0,50000.0,50000.0,0.0,0,0,0.0,0.0,0.0,0.0,0.0,0,0.0,0.0,0.0
28,2019-06-13,468.25,,,,,,,,,,,0,./Chagoi_wheat_futures_2019-05-01_2019-10-31/signal_only_4WEAT US EQUITY/tradelog/WEAT US EQUITY_1KWC1 COMDTY.csv,0.0,0.0,0.0,0.0,0,0.0,50000.0,50000.0,50000.0,0.0,0,0,0.0,0.0,0.0,0.0,0.0,0,0.0,0.0,0.0
29,2019-06-14,476.25,,,,,,,,,,,0,./Chagoi_wheat_futures_2019-05-01_2019-10-31/signal_only_4WEAT US EQUITY/tradelog/WEAT US EQUITY_1KWC1 COMDTY.csv,0.0,0.0,0.0,0.0,0,0.0,50000.0,50000.0,50000.0,0.0,0,0,0.0,0.0,0.0,0.0,0.0,0,0.0,0.0,0.0
30,2019-06-17,475.5,,,,,,,,,,,0,./Chagoi_wheat_futures_2019-05-01_2019-10-31/signal_only_4WEAT US EQUITY/tradelog/WEAT US EQUITY_1KWC1 COMDTY.csv,0.0,0.0,0.0,0.0,0,0.0,50000.0,50000.0,50000.0,0.0,0,0,0.0,0.0,0.0,0.0,0.0,0,0.0,0.0,0.0
31,2019-06-18,465.25,,,,,,,,,,,0,./Chagoi_wheat_futures_2019-05-01_2019-10-31/signal_only_4WEAT US EQUITY/tradelog/WEAT US EQUITY_1KWC1 COMDTY.csv,0.0,0.0,0.0,0.0,0,0.0,50000.0,50000.0,50000.0,0.0,0,0,0.0,0.0,0.0,0.0,0.0,0,0.0,0.0,0.0
32,2019-06-19,457.5,,,,,,,,,,,0,./Chagoi_wheat_futures_2019-05-01_2019-10-31/signal_only_4WEAT US EQUITY/tradelog/WEAT US EQUITY_1KWC1 COMDTY.csv,0.0,0.0,0.0,0.0,0,0.0,50000.0,50000.0,50000.0,0.0,0,0,0.0,0.0,0.0,0.0,0.0,0,0.0,0.0,0.0
33,2019-06-20,460.5,,,,,,,,,,,0,./Chagoi_wheat_futures_2019-05-01_2019-10-31/signal_only_4WEAT US EQUITY/tradelog/WEAT US EQUITY_1KWC1 COMDTY.csv,0.0,0.0,0.0,0.0,0,0.0,50000.0,50000.0,50000.0,0.0,0,0,0.0,0.0,0.0,0.0,0.0,0,0.0,0.0,0.0
34,2019-06-21,452.5,,,,,,,,,,,0,./Chagoi_wheat_futures_2019-05-01_2019-10-31/signal_only_4WEAT US EQUITY/tradelog/WEAT US EQUITY_1KWC1 COMDTY.csv,0.0,0.0,0.0,0.0,0,0.0,50000.0,50000.0,50000.0,0.0,0,0,0.0,0.0,0.0,0.0,0.0,0,0.0,0.0,0.0
35,2019-06-24,465.5,,,,,,,,,,,0,./Chagoi_wheat_futures_2019-05-01_2019-10-31/signal_only_4WEAT US EQUITY/tradelog/WEAT US EQUITY_1KWC1 COMDTY.csv,0.0,0.0,0.0,0.0,0,0.0,50000.0,50000.0,50000.0,0.0,0,0,0.0,0.0,0.0,0.0,0.0,0,0.0,0.0,0.0
36,2019-06-25,465.25,,,,,,,,,,,0,./Chagoi_wheat_futures_2019-05-01_2019-10-31/signal_only_4WEAT US EQUITY/tradelog/WEAT US EQUITY_1KWC1 COMDTY.csv,0.0,0.0,0.0,0.0,0,0.0,50000.0,50000.0,50000.0,0.0,0,0,0.0,0.0,0.0,0.0,0.0,0,0.0,0.0,0.0
37,2019-06-26,469.0,,,,,,,,,,,0,./Chagoi_wheat_futures_2019-05-01_2019-10-31/signal_only_4WEAT US EQUITY/tradelog/WEAT US EQUITY_1KWC1 COMDTY.csv,0.0,0.0,0.0,0.0,0,0.0,50000.0,50000.0,50000.0,0.0,0,0,0.0,0.0,0.0,0.0,0.0,0,0.0,0.0,0.0
38,2019-06-27,468.0,,,,,,,,,,,0,./Chagoi_wheat_futures_2019-05-01_2019-10-31/signal_only_4WEAT US EQUITY/tradelog/WEAT US EQUITY_1KWC1 COMDTY.csv,0.0,0.0,0.0,0.0,0,0.0,50000.0,50000.0,50000.0,0.0,0,0,0.0,0.0,0.0,0.0,0.0,0,0.0,0.0,0.0
39,2019-06-28,451.5,,,,,,,,,,,0,./Chagoi_wheat_futures_2019-05-01_2019-10-31/signal_only_4WEAT US EQUITY/tradelog/WEAT US EQUITY_1KWC1 COMDTY.csv,0.0,0.0,0.0,0.0,0,0.0,50000.0,50000.0,50000.0,0.0,0,0,0.0,0.0,0.0,0.0,0.0,0,0.0,0.0,0.0
40,2019-07-01,434.75,,,,,,,,,,,0,./Chagoi_wheat_futures_2019-05-01_2019-10-31/signal_only_4WEAT US EQUITY/tradelog/WEAT US EQUITY_1KWC1 COMDTY.csv,0.0,0.0,0.0,0.0,0,0.0,50000.0,50000.0,50000.0,0.0,0,0,0.0,0.0,0.0,0.0,0.0,0,0.0,0.0,0.0
41,2019-07-02,424.0,,,,,,,,,,,0,./Chagoi_wheat_futures_2019-05-01_2019-10-31/signal_only_4WEAT US EQUITY/tradelog/WEAT US EQUITY_1KWC1 COMDTY.csv,0.0,0.0,0.0,0.0,0,0.0,50000.0,50000.0,50000.0,0.0,0,0,0.0,0.0,0.0,0.0,0.0,0,0.0,0.0,0.0
42,2019-07-03,436.0,,,,,,,,,,,0,./Chagoi_wheat_futures_2019-05-01_2019-10-31/signal_only_4WEAT US EQUITY/tradelog/WEAT US EQUITY_1KWC1 COMDTY.csv,0.0,0.0,0.0,0.0,0,0.0,50000.0,50000.0,50000.0,0.0,0,0,0.0,0.0,0.0,0.0,0.0,0,0.0,0.0,0.0
43,2019-07-05,439.0,,,,,,,,,,,0,./Chagoi_wheat_futures_2019-05-01_2019-10-31/signal_only_4WEAT US EQUITY/tradelog/WEAT US EQUITY_1KWC1 COMDTY.csv,0.0,0.0,0.0,0.0,0,0.0,50000.0,50000.0,50000.0,0.0,0,0,0.0,0.0,0.0,0.0,0.0,0,0.0,0.0,0.0
44,2019-07-08,442.0,,,,,,,,,,,0,./Chagoi_wheat_futures_2019-05-01_2019-10-31/signal_only_4WEAT US EQUITY/tradelog/WEAT US EQUITY_1KWC1 COMDTY.csv,0.0,0.0,0.0,0.0,0,0.0,50000.0,50000.0,50000.0,0.0,0,0,0.0,0.0,0.0,0.0,0.0,0,0.0,0.0,0.0
45,2019-07-09,440.5,,,,,,,,,,,0,./Chagoi_wheat_futures_2019-05-01_2019-10-31/signal_only_4WEAT US EQUITY/tradelog/WEAT US EQUITY_1KWC1 COMDTY.csv,0.0,0.0,0.0,0.0,0,0.0,50000.0,50000.0,50000.0,0.0,0,0,0.0,0.0,0.0,0.0,0.0,0,0.0,0.0,0.0
46,2019-07-10,441.25,,,,,,,,,,,0,./Chagoi_wheat_futures_2019-05-01_2019-10-31/signal_only_4WEAT US EQUITY/tradelog/WEAT US EQUITY_1KWC1 COMDTY.csv,0.0,0.0,0.0,0.0,0,0.0,50000.0,50000.0,50000.0,0.0,0,0,0.0,0.0,0.0,0.0,0.0,0,0.0,0.0,0.0
47,2019-07-11,461.25,,,,,,,,,,,0,./Chagoi_wheat_futures_2019-05-01_2019-10-31/signal_only_4WEAT US EQUITY/tradelog/WEAT US EQUITY_1KWC1 COMDTY.csv,0.0,0.0,0.0,0.0,0,0.0,50000.0,50000.0,50000.0,0.0,0,0,0.0,0.0,0.0,0.0,0.0,0,0.0,0.0,0.0
48,2019-07-15,449.0,,,,,,,,,,,0,./Chagoi_wheat_futures_2019-05-01_2019-10-31/signal_only_4WEAT US EQUITY/tradelog/WEAT US EQUITY_1KWC1 COMDTY.csv,0.0,0.0,0.0,0.0,0,0.0,50000.0,50000.0,50000.0,0.0,0,0,0.0,0.0,0.0,0.0,0.0,0,0.0,0.0,0.0
49,2019-07-16,446.25,,,,,,,,,,,0,./Chagoi_wheat_futures_2019-05-01_2019-10-31/signal_only_4WEAT US EQUITY/tradelog/WEAT US EQUITY_1KWC1 COMDTY.csv,0.0,0.0,0.0,0.0,0,0.0,50000.0,50000.0,50000.0,0.0,0,0,0.0,0.0,0.0,0.0,0.0,0,0.0,0.0,0.0
50,2019-07-17,441.75,,,,,,,,,,,0,./Chagoi_wheat_futures_2019-05-01_2019-10-31/signal_only_4WEAT US EQUITY/tradelog/WEAT US EQUITY_1KWC1 COMDTY.csv,0.0,0.0,0.0,0.0,0,0.0,50000.0,50000.0,50000.0,0.0,0,0,0.0,0.0,0.0,0.0,0.0,0,0.0,0.0,0.0
51,2019-07-18,432.75,,,,,,,,,,,0,./Chagoi_wheat_futures_2019-05-01_2019-10-31/signal_only_4WEAT US EQUITY/tradelog/WEAT US EQUITY_1KWC1 COMDTY.csv,0.0,0.0,0.0,0.0,0,0.0,50000.0,50000.0,50000.0,0.0,0,0,0.0,0.0,0.0,0.0,0.0,0,0.0,0.0,0.0
52,2019-07-19,440.0,,,,,,,,,,,0,./Chagoi_wheat_futures_2019-05-01_2019-10-31/signal_only_4WEAT US EQUITY/tradelog/WEAT US EQUITY_1KWC1 COMDTY.csv,0.0,0.0,0.0,0.0,0,0.0,50000.0,50000.0,50000.0,0.0,0,0,0.0,0.0,0.0,0.0,0.0,0,0.0,0.0,0.0
53,2019-07-22,429.25,,,,,,,,,,,0,./Chagoi_wheat_futures_2019-05-01_2019-10-31/signal_only_4WEAT US EQUITY/tradelog/WEAT US EQUITY_1KWC1 COMDTY.csv,0.0,0.0,0.0,0.0,0,0.0,50000.0,50000.0,50000.0,0.0,0,0,0.0,0.0,0.0,0.0,0.0,0,0.0,0.0,0.0
54,2019-07-23,431.5,,,,,,,,,,,0,./Chagoi_wheat_futures_2019-05-01_2019-10-31/signal_only_4WEAT US EQUITY/tradelog/WEAT US EQUITY_1KWC1 COMDTY.csv,0.0,0.0,0.0,0.0,0,0.0,50000.0,50000.0,50000.0,0.0,0,0,0.0,0.0,0.0,0.0,0.0,0,0.0,0.0,0.0
55,2019-07-24,439.5,,,,,,,,,,,0,./Chagoi_wheat_futures_2019-05-01_2019-10-31/signal_only_4WEAT US EQUITY/tradelog/WEAT US EQUITY_1KWC1 COMDTY.csv,0.0,0.0,0.0,0.0,0,0.0,50000.0,50000.0,50000.0,0.0,0,0,0.0,0.0,0.0,0.0,0.0,0,0.0,0.0,0.0
56,2019-07-25,437.5,,,,,,,,,,,0,./Chagoi_wheat_futures_2019-05-01_2019-10-31/signal_only_4WEAT US EQUITY/tradelog/WEAT US EQUITY_1KWC1 COMDTY.csv,0.0,0.0,0.0,0.0,0,0.0,50000.0,50000.0,50000.0,0.0,0,0,0.0,0.0,0.0,0.0,0.0,0,0.0,0.0,0.0
57,2019-07-26,432.0,BOT,11.0,437.0,2019-07-26,WEAT US EQUITY_1KWC1 COMDTY_0,ENTER,,2019-07-26,,437.0,0,./Chagoi_wheat_futures_2019-05-01_2019-10-31/signal_only_4WEAT US EQUITY/tradelog/WEAT US EQUITY_1KWC1 COMDTY.csv,11.0,4807.0,437.0,4752.0,0,-55.0,49945.0,45193.0,50000.0,-4807.0,0,0,0.0,0.0,0.0,-55.0,-55.0,1,-0.0011,-0.0011,0.0
58,2019-07-29,436.5,,,,,,,,,,,0,./Chagoi_wheat_futures_2019-05-01_2019-10-31/signal_only_4WEAT US EQUITY/tradelog/WEAT US EQUITY_1KWC1 COMDTY.csv,11.0,4807.0,437.0,4801.5,0,-5.5,49994.5,45193.0,45193.0,0.0,0,0,0.0,0.0,0.0,-5.5,49.5,1,-0.00011,0.00099,0.0
59,2019-07-30,433.5,,,,,,,,,,,0,./Chagoi_wheat_futures_2019-05-01_2019-10-31/signal_only_4WEAT US EQUITY/tradelog/WEAT US EQUITY_1KWC1 COMDTY.csv,11.0,4807.0,437.0,4768.5,0,-38.5,49961.5,45193.0,45193.0,0.0,0,0,0.0,0.0,0.0,-38.5,-33.0,1,-0.00077,-0.00066,0.0
60,2019-07-31,422.75,,,,,,,,,,,0,./Chagoi_wheat_futures_2019-05-01_2019-10-31/signal_only_4WEAT US EQUITY/tradelog/WEAT US EQUITY_1KWC1 COMDTY.csv,11.0,4807.0,437.0,4650.25,0,-156.75,49843.25,45193.0,45193.0,0.0,0,0,0.0,0.0,0.0,-156.75,-118.25,1,-0.003135,-0.002365,0.0
61,2019-08-01,415.75,,,,,,,,,,,0,./Chagoi_wheat_futures_2019-05-01_2019-10-31/signal_only_4WEAT US EQUITY/tradelog/WEAT US EQUITY_1KWC1 COMDTY.csv,11.0,4807.0,437.0,4573.25,0,-233.75,49766.25,45193.0,45193.0,0.0,0,0,0.0,0.0,0.0,-233.75,-77.0,1,-0.004675,-0.00154,0.0
62,2019-08-02,421.75,SLD,-11.0,415.75,2019-08-02,WEAT US EQUITY_1KWC1 COMDTY_0,EXIT,,2019-08-02,,415.75,0,./Chagoi_wheat_futures_2019-05-01_2019-10-31/signal_only_4WEAT US EQUITY/tradelog/WEAT US EQUITY_1KWC1 COMDTY.csv,0.0,0.0,0.0,0.0,0,0.0,49766.25,49766.25,45193.0,4573.25,0,1,-233.75,-0.04862700228832952,-233.75,-233.75,0.0,0,-0.004675,0.0,-0.004675
63,2019-08-05,426.75,,,,,,,,,,,0,./Chagoi_wheat_futures_2019-05-01_2019-10-31/signal_only_4WEAT US EQUITY/tradelog/WEAT US EQUITY_1KWC1 COMDTY.csv,0.0,0.0,0.0,0.0,0,0.0,49766.25,49766.25,49766.25,0.0,0,0,0.0,0.0,0.0,0.0,0.0,0,0.0,0.0,0.0
64,2019-08-06,418.0,,,,,,,,,,,0,./Chagoi_wheat_futures_2019-05-01_2019-10-31/signal_only_4WEAT US EQUITY/tradelog/WEAT US EQUITY_1KWC1 COMDTY.csv,0.0,0.0,0.0,0.0,0,0.0,49766.25,49766.25,49766.25,0.0,0,0,0.0,0.0,0.0,0.0,0.0,0,0.0,0.0,0.0
65,2019-08-07,417.75,,,,,,,,,,,0,./Chagoi_wheat_futures_2019-05-01_2019-10-31/signal_only_4WEAT US EQUITY/tradelog/WEAT US EQUITY_1KWC1 COMDTY.csv,0.0,0.0,0.0,0.0,0,0.0,49766.25,49766.25,49766.25,0.0,0,0,0.0,0.0,0.0,0.0,0.0,0,0.0,0.0,0.0
66,2019-08-08,418.5,,,,,,,,,,,0,./Chagoi_wheat_futures_2019-05-01_2019-10-31/signal_only_4WEAT US EQUITY/tradelog/WEAT US EQUITY_1KWC1 COMDTY.csv,0.0,0.0,0.0,0.0,0,0.0,49766.25,49766.25,49766.25,0.0,0,0,0.0,0.0,0.0,0.0,0.0,0,0.0,0.0,0.0
67,2019-08-09,417.0,,,,,,,,,,,0,./Chagoi_wheat_futures_2019-05-01_2019-10-31/signal_only_4WEAT US EQUITY/tradelog/WEAT US EQUITY_1KWC1 COMDTY.csv,0.0,0.0,0.0,0.0,0,0.0,49766.25,49766.25,49766.25,0.0,0,0,0.0,0.0,0.0,0.0,0.0,0,0.0,0.0,0.0
68,2019-08-12,392.25,,,,,,,,,,,0,./Chagoi_wheat_futures_2019-05-01_2019-10-31/signal_only_4WEAT US EQUITY/tradelog/WEAT US EQUITY_1KWC1 COMDTY.csv,0.0,0.0,0.0,0.0,0,0.0,49766.25,49766.25,49766.25,0.0,0,0,0.0,0.0,0.0,0.0,0.0,0,0.0,0.0,0.0
69,2019-08-13,383.5,,,,,,,,,,,0,./Chagoi_wheat_futures_2019-05-01_2019-10-31/signal_only_4WEAT US EQUITY/tradelog/WEAT US EQUITY_1KWC1 COMDTY.csv,0.0,0.0,0.0,0.0,0,0.0,49766.25,49766.25,49766.25,0.0,0,0,0.0,0.0,0.0,0.0,0.0,0,0.0,0.0,0.0
70,2019-08-14,384.75,,,,,,,,,,,0,./Chagoi_wheat_futures_2019-05-01_2019-10-31/signal_only_4WEAT US EQUITY/tradelog/WEAT US EQUITY_1KWC1 COMDTY.csv,0.0,0.0,0.0,0.0,0,0.0,49766.25,49766.25,49766.25,0.0,0,0,0.0,0.0,0.0,0.0,0.0,0,0.0,0.0,0.0
71,2019-08-15,389.75,,,,,,,,,,,0,./Chagoi_wheat_futures_2019-05-01_2019-10-31/signal_only_4WEAT US EQUITY/tradelog/WEAT US EQUITY_1KWC1 COMDTY.csv,0.0,0.0,0.0,0.0,0,0.0,49766.25,49766.25,49766.25,0.0,0,0,0.0,0.0,0.0,0.0,0.0,0,0.0,0.0,0.0
72,2019-08-16,394.25,,,,,,,,,,,0,./Chagoi_wheat_futures_2019-05-01_2019-10-31/signal_only_4WEAT US EQUITY/tradelog/WEAT US EQUITY_1KWC1 COMDTY.csv,0.0,0.0,0.0,0.0,0,0.0,49766.25,49766.25,49766.25,0.0,0,0,0.0,0.0,0.0,0.0,0.0,0,0.0,0.0,0.0
73,2019-08-19,391.25,,,,,,,,,,,0,./Chagoi_wheat_futures_2019-05-01_2019-10-31/signal_only_4WEAT US EQUITY/tradelog/WEAT US EQUITY_1KWC1 COMDTY.csv,0.0,0.0,0.0,0.0,0,0.0,49766.25,49766.25,49766.25,0.0,0,0,0.0,0.0,0.0,0.0,0.0,0,0.0,0.0,0.0
74,2019-08-20,386.75,,,,,,,,,,,0,./Chagoi_wheat_futures_2019-05-01_2019-10-31/signal_only_4WEAT US EQUITY/tradelog/WEAT US EQUITY_1KWC1 COMDTY.csv,0.0,0.0,0.0,0.0,0,0.0,49766.25,49766.25,49766.25,0.0,0,0,0.0,0.0,0.0,0.0,0.0,0,0.0,0.0,0.0
75,2019-08-21,386.25,,,,,,,,,,,0,./Chagoi_wheat_futures_2019-05-01_2019-10-31/signal_only_4WEAT US EQUITY/tradelog/WEAT US EQUITY_1KWC1 COMDTY.csv,0.0,0.0,0.0,0.0,0,0.0,49766.25,49766.25,49766.25,0.0,0,0,0.0,0.0,0.0,0.0,0.0,0,0.0,0.0,0.0
76,2019-08-22,393.25,,,,,,,,,,,0,./Chagoi_wheat_futures_2019-05-01_2019-10-31/signal_only_4WEAT US EQUITY/tradelog/WEAT US EQUITY_1KWC1 COMDTY.csv,0.0,0.0,0.0,0.0,0,0.0,49766.25,49766.25,49766.25,0.0,0,0,0.0,0.0,0.0,0.0,0.0,0,0.0,0.0,0.0
77,2019-08-23,391.5,,,,,,,,,,,0,./Chagoi_wheat_futures_2019-05-01_2019-10-31/signal_only_4WEAT US EQUITY/tradelog/WEAT US EQUITY_1KWC1 COMDTY.csv,0.0,0.0,0.0,0.0,0,0.0,49766.25,49766.25,49766.25,0.0,0,0,0.0,0.0,0.0,0.0,0.0,0,0.0,0.0,0.0
78,2019-08-26,389.0,,,,,,,,,,,0,./Chagoi_wheat_futures_2019-05-01_2019-10-31/signal_only_4WEAT US EQUITY/tradelog/WEAT US EQUITY_1KWC1 COMDTY.csv,0.0,0.0,0.0,0.0,0,0.0,49766.25,49766.25,49766.25,0.0,0,0,0.0,0.0,0.0,0.0,0.0,0,0.0,0.0,0.0
79,2019-08-27,392.75,,,,,,,,,,,0,./Chagoi_wheat_futures_2019-05-01_2019-10-31/signal_only_4WEAT US EQUITY/tradelog/WEAT US EQUITY_1KWC1 COMDTY.csv,0.0,0.0,0.0,0.0,0,0.0,49766.25,49766.25,49766.25,0.0,0,0,0.0,0.0,0.0,0.0,0.0,0,0.0,0.0,0.0
80,2019-08-28,392.25,,,,,,,,,,,0,./Chagoi_wheat_futures_2019-05-01_2019-10-31/signal_only_4WEAT US EQUITY/tradelog/WEAT US EQUITY_1KWC1 COMDTY.csv,0.0,0.0,0.0,0.0,0,0.0,49766.25,49766.25,49766.25,0.0,0,0,0.0,0.0,0.0,0.0,0.0,0,0.0,0.0,0.0
81,2019-08-29,387.25,,,,,,,,,,,0,./Chagoi_wheat_futures_2019-05-01_2019-10-31/signal_only_4WEAT US EQUITY/tradelog/WEAT US EQUITY_1KWC1 COMDTY.csv,0.0,0.0,0.0,0.0,0,0.0,49766.25,49766.25,49766.25,0.0,0,0,0.0,0.0,0.0,0.0,0.0,0,0.0,0.0,0.0
82,2019-08-30,378.25,,,,,,,,,,,0,./Chagoi_wheat_futures_2019-05-01_2019-10-31/signal_only_4WEAT US EQUITY/tradelog/WEAT US EQUITY_1KWC1 COMDTY.csv,0.0,0.0,0.0,0.0,0,0.0,49766.25,49766.25,49766.25,0.0,0,0,0.0,0.0,0.0,0.0,0.0,0,0.0,0.0,0.0
83,2019-09-03,362.0,,,,,,,,,,,0,./Chagoi_wheat_futures_2019-05-01_2019-10-31/signal_only_4WEAT US EQUITY/tradelog/WEAT US EQUITY_1KWC1 COMDTY.csv,0.0,0.0,0.0,0.0,0,0.0,49766.25,49766.25,49766.25,0.0,0,0,0.0,0.0,0.0,0.0,0.0,0,0.0,0.0,0.0
84,2019-09-04,374.0,,,,,,,,,,,0,./Chagoi_wheat_futures_2019-05-01_2019-10-31/signal_only_4WEAT US EQUITY/tradelog/WEAT US EQUITY_1KWC1 COMDTY.csv,0.0,0.0,0.0,0.0,0,0.0,49766.25,49766.25,49766.25,0.0,0,0,0.0,0.0,0.0,0.0,0.0,0,0.0,0.0,0.0
85,2019-09-05,382.0,,,,,,,,,,,0,./Chagoi_wheat_futures_2019-05-01_2019-10-31/signal_only_4WEAT US EQUITY/tradelog/WEAT US EQUITY_1KWC1 COMDTY.csv,0.0,0.0,0.0,0.0,0,0.0,49766.25,49766.25,49766.25,0.0,0,0,0.0,0.0,0.0,0.0,0.0,0,0.0,0.0,0.0
86,2019-09-06,375.25,,,,,,,,,,,0,./Chagoi_wheat_futures_2019-05-01_2019-10-31/signal_only_4WEAT US EQUITY/tradelog/WEAT US EQUITY_1KWC1 COMDTY.csv,0.0,0.0,0.0,0.0,0,0.0,49766.25,49766.25,49766.25,0.0,0,0,0.0,0.0,0.0,0.0,0.0,0,0.0,0.0,0.0
87,2019-09-09,380.0,,,,,,,,,,,0,./Chagoi_wheat_futures_2019-05-01_2019-10-31/signal_only_4WEAT US EQUITY/tradelog/WEAT US EQUITY_1KWC1 COMDTY.csv,0.0,0.0,0.0,0.0,0,0.0,49766.25,49766.25,49766.25,0.0,0,0,0.0,0.0,0.0,0.0,0.0,0,0.0,0.0,0.0
88,2019-09-10,382.0,,,,,,,,,,,0,./Chagoi_wheat_futures_2019-05-01_2019-10-31/signal_only_4WEAT US EQUITY/tradelog/WEAT US EQUITY_1KWC1 COMDTY.csv,0.0,0.0,0.0,0.0,0,0.0,49766.25,49766.25,49766.25,0.0,0,0,0.0,0.0,0.0,0.0,0.0,0,0.0,0.0,0.0
89,2019-09-13,383.5,,,,,,,,,,,0,./Chagoi_wheat_futures_2019-05-01_2019-10-31/signal_only_4WEAT US EQUITY/tradelog/WEAT US EQUITY_1KWC1 COMDTY.csv,0.0,0.0,0.0,0.0,0,0.0,49766.25,49766.25,49766.25,0.0,0,0,0.0,0.0,0.0,0.0,0.0,0,0.0,0.0,0.0
90,2019-09-16,409.0,,,,,,,,,,,0,./Chagoi_wheat_futures_2019-05-01_2019-10-31/signal_only_4WEAT US EQUITY/tradelog/WEAT US EQUITY_1KWC1 COMDTY.csv,0.0,0.0,0.0,0.0,0,0.0,49766.25,49766.25,49766.25,0.0,0,0,0.0,0.0,0.0,0.0,0.0,0,0.0,0.0,0.0
91,2019-09-17,402.25,,,,,,,,,,,0,./Chagoi_wheat_futures_2019-05-01_2019-10-31/signal_only_4WEAT US EQUITY/tradelog/WEAT US EQUITY_1KWC1 COMDTY.csv,0.0,0.0,0.0,0.0,0,0.0,49766.25,49766.25,49766.25,0.0,0,0,0.0,0.0,0.0,0.0,0.0,0,0.0,0.0,0.0
92,2019-09-18,409.75,,,,,,,,,,,0,./Chagoi_wheat_futures_2019-05-01_2019-10-31/signal_only_4WEAT US EQUITY/tradelog/WEAT US EQUITY_1KWC1 COMDTY.csv,0.0,0.0,0.0,0.0,0,0.0,49766.25,49766.25,49766.25,0.0,0,0,0.0,0.0,0.0,0.0,0.0,0,0.0,0.0,0.0
93,2019-09-19,409.5,,,,,,,,,,,0,./Chagoi_wheat_futures_2019-05-01_2019-10-31/signal_only_4WEAT US EQUITY/tradelog/WEAT US EQUITY_1KWC1 COMDTY.csv,0.0,0.0,0.0,0.0,0,0.0,49766.25,49766.25,49766.25,0.0,0,0,0.0,0.0,0.0,0.0,0.0,0,0.0,0.0,0.0
94,2019-09-20,407.5,,,,,,,,,,,0,./Chagoi_wheat_futures_2019-05-01_2019-10-31/signal_only_4WEAT US EQUITY/tradelog/WEAT US EQUITY_1KWC1 COMDTY.csv,0.0,0.0,0.0,0.0,0,0.0,49766.25,49766.25,49766.25,0.0,0,0,0.0,0.0,0.0,0.0,0.0,0,0.0,0.0,0.0
95,2019-09-23,406.5,,,,,,,,,,,0,./Chagoi_wheat_futures_2019-05-01_2019-10-31/signal_only_4WEAT US EQUITY/tradelog/WEAT US EQUITY_1KWC1 COMDTY.csv,0.0,0.0,0.0,0.0,0,0.0,49766.25,49766.25,49766.25,0.0,0,0,0.0,0.0,0.0,0.0,0.0,0,0.0,0.0,0.0
96,2019-09-24,405.0,,,,,,,,,,,0,./Chagoi_wheat_futures_2019-05-01_2019-10-31/signal_only_4WEAT US EQUITY/tradelog/WEAT US EQUITY_1KWC1 COMDTY.csv,0.0,0.0,0.0,0.0,0,0.0,49766.25,49766.25,49766.25,0.0,0,0,0.0,0.0,0.0,0.0,0.0,0,0.0,0.0,0.0
97,2019-09-25,404.0,,,,,,,,,,,0,./Chagoi_wheat_futures_2019-05-01_2019-10-31/signal_only_4WEAT US EQUITY/tradelog/WEAT US EQUITY_1KWC1 COMDTY.csv,0.0,0.0,0.0,0.0,0,0.0,49766.25,49766.25,49766.25,0.0,0,0,0.0,0.0,0.0,0.0,0.0,0,0.0,0.0,0.0
98,2019-09-26,408.25,,,,,,,,,,,0,./Chagoi_wheat_futures_2019-05-01_2019-10-31/signal_only_4WEAT US EQUITY/tradelog/WEAT US EQUITY_1KWC1 COMDTY.csv,0.0,0.0,0.0,0.0,0,0.0,49766.25,49766.25,49766.25,0.0,0,0,0.0,0.0,0.0,0.0,0.0,0,0.0,0.0,0.0
99,2019-09-27,407.5,,,,,,,,,,,0,./Chagoi_wheat_futures_2019-05-01_2019-10-31/signal_only_4WEAT US EQUITY/tradelog/WEAT US EQUITY_1KWC1 COMDTY.csv,0.0,0.0,0.0,0.0,0,0.0,49766.25,49766.25,49766.25,0.0,0,0,0.0,0.0,0.0,0.0,0.0,0,0.0,0.0,0.0
100,2019-09-30,415.0,,,,,,,,,,,0,./Chagoi_wheat_futures_2019-05-01_2019-10-31/signal_only_4WEAT US EQUITY/tradelog/WEAT US EQUITY_1KWC1 COMDTY.csv,0.0,0.0,0.0,0.0,0,0.0,49766.25,49766.25,49766.25,0.0,0,0,0.0,0.0,0.0,0.0,0.0,0,0.0,0.0,0.0
101,2019-10-01,411.5,,,,,,,,,,,0,./Chagoi_wheat_futures_2019-05-01_2019-10-31/signal_only_4WEAT US EQUITY/tradelog/WEAT US EQUITY_1KWC1 COMDTY.csv,0.0,0.0,0.0,0.0,0,0.0,49766.25,49766.25,49766.25,0.0,0,0,0.0,0.0,0.0,0.0,0.0,0,0.0,0.0,0.0
102,2019-10-02,405.75,,,,,,,,,,,0,./Chagoi_wheat_futures_2019-05-01_2019-10-31/signal_only_4WEAT US EQUITY/tradelog/WEAT US EQUITY_1KWC1 COMDTY.csv,0.0,0.0,0.0,0.0,0,0.0,49766.25,49766.25,49766.25,0.0,0,0,0.0,0.0,0.0,0.0,0.0,0,0.0,0.0,0.0
103,2019-10-03,405.75,,,,,,,,,,,0,./Chagoi_wheat_futures_2019-05-01_2019-10-31/signal_only_4WEAT US EQUITY/tradelog/WEAT US EQUITY_1KWC1 COMDTY.csv,0.0,0.0,0.0,0.0,0,0.0,49766.25,49766.25,49766.25,0.0,0,0,0.0,0.0,0.0,0.0,0.0,0,0.0,0.0,0.0
104,2019-10-04,404.0,,,,,,,,,,,0,./Chagoi_wheat_futures_2019-05-01_2019-10-31/signal_only_4WEAT US EQUITY/tradelog/WEAT US EQUITY_1KWC1 COMDTY.csv,0.0,0.0,0.0,0.0,0,0.0,49766.25,49766.25,49766.25,0.0,0,0,0.0,0.0,0.0,0.0,0.0,0,0.0,0.0,0.0
105,2019-10-07,402.25,,,,,,,,,,,0,./Chagoi_wheat_futures_2019-05-01_2019-10-31/signal_only_4WEAT US EQUITY/tradelog/WEAT US EQUITY_1KWC1 COMDTY.csv,0.0,0.0,0.0,0.0,0,0.0,49766.25,49766.25,49766.25,0.0,0,0,0.0,0.0,0.0,0.0,0.0,0,0.0,0.0,0.0
106,2019-10-08,410.25,,,,,,,,,,,0,./Chagoi_wheat_futures_2019-05-01_2019-10-31/signal_only_4WEAT US EQUITY/tradelog/WEAT US EQUITY_1KWC1 COMDTY.csv,0.0,0.0,0.0,0.0,0,0.0,49766.25,49766.25,49766.25,0.0,0,0,0.0,0.0,0.0,0.0,0.0,0,0.0,0.0,0.0
107,2019-10-09,413.25,,,,,,,,,,,0,./Chagoi_wheat_futures_2019-05-01_2019-10-31/signal_only_4WEAT US EQUITY/tradelog/WEAT US EQUITY_1KWC1 COMDTY.csv,0.0,0.0,0.0,0.0,0,0.0,49766.25,49766.25,49766.25,0.0,0,0,0.0,0.0,0.0,0.0,0.0,0,0.0,0.0,0.0
108,2019-10-10,403.25,,,,,,,,,,,0,./Chagoi_wheat_futures_2019-05-01_2019-10-31/signal_only_4WEAT US EQUITY/tradelog/WEAT US EQUITY_1KWC1 COMDTY.csv,0.0,0.0,0.0,0.0,0,0.0,49766.25,49766.25,49766.25,0.0,0,0,0.0,0.0,0.0,0.0,0.0,0,0.0,0.0,0.0
109,2019-10-11,419.5,,,,,,,,,,,0,./Chagoi_wheat_futures_2019-05-01_2019-10-31/signal_only_4WEAT US EQUITY/tradelog/WEAT US EQUITY_1KWC1 COMDTY.csv,0.0,0.0,0.0,0.0,0,0.0,49766.25,49766.25,49766.25,0.0,0,0,0.0,0.0,0.0,0.0,0.0,0,0.0,0.0,0.0
110,2019-10-14,425.75,,,,,,,,,,,0,./Chagoi_wheat_futures_2019-05-01_2019-10-31/signal_only_4WEAT US EQUITY/tradelog/WEAT US EQUITY_1KWC1 COMDTY.csv,0.0,0.0,0.0,0.0,0,0.0,49766.25,49766.25,49766.25,0.0,0,0,0.0,0.0,0.0,0.0,0.0,0,0.0,0.0,0.0
111,2019-10-15,421.25,,,,,,,,,,,0,./Chagoi_wheat_futures_2019-05-01_2019-10-31/signal_only_4WEAT US EQUITY/tradelog/WEAT US EQUITY_1KWC1 COMDTY.csv,0.0,0.0,0.0,0.0,0,0.0,49766.25,49766.25,49766.25,0.0,0,0,0.0,0.0,0.0,0.0,0.0,0,0.0,0.0,0.0
112,2019-10-16,425.0,,,,,,,,,,,0,./Chagoi_wheat_futures_2019-05-01_2019-10-31/signal_only_4WEAT US EQUITY/tradelog/WEAT US EQUITY_1KWC1 COMDTY.csv,0.0,0.0,0.0,0.0,0,0.0,49766.25,49766.25,49766.25,0.0,0,0,0.0,0.0,0.0,0.0,0.0,0,0.0,0.0,0.0
113,2019-10-17,431.25,,,,,,,,,,,0,./Chagoi_wheat_futures_2019-05-01_2019-10-31/signal_only_4WEAT US EQUITY/tradelog/WEAT US EQUITY_1KWC1 COMDTY.csv,0.0,0.0,0.0,0.0,0,0.0,49766.25,49766.25,49766.25,0.0,0,0,0.0,0.0,0.0,0.0,0.0,0,0.0,0.0,0.0
114,2019-10-18,433.75,,,,,,,,,,,0,./Chagoi_wheat_futures_2019-05-01_2019-10-31/signal_only_4WEAT US EQUITY/tradelog/WEAT US EQUITY_1KWC1 COMDTY.csv,0.0,0.0,0.0,0.0,0,0.0,49766.25,49766.25,49766.25,0.0,0,0,0.0,0.0,0.0,0.0,0.0,0,0.0,0.0,0.0
115,2019-10-21,425.5,,,,,,,,,,,0,./Chagoi_wheat_futures_2019-05-01_2019-10-31/signal_only_4WEAT US EQUITY/tradelog/WEAT US EQUITY_1KWC1 COMDTY.csv,0.0,0.0,0.0,0.0,0,0.0,49766.25,49766.25,49766.25,0.0,0,0,0.0,0.0,0.0,0.0,0.0,0,0.0,0.0,0.0
116,2019-10-22,421.25,,,,,,,,,,,0,./Chagoi_wheat_futures_2019-05-01_2019-10-31/signal_only_4WEAT US EQUITY/tradelog/WEAT US EQUITY_1KWC1 COMDTY.csv,0.0,0.0,0.0,0.0,0,0.0,49766.25,49766.25,49766.25,0.0,0,0,0.0,0.0,0.0,0.0,0.0,0,0.0,0.0,0.0
117,2019-10-23,423.25,,,,,,,,,,,0,./Chagoi_wheat_futures_2019-05-01_2019-10-31/signal_only_4WEAT US EQUITY/tradelog/WEAT US EQUITY_1KWC1 COMDTY.csv,0.0,0.0,0.0,0.0,0,0.0,49766.25,49766.25,49766.25,0.0,0,0,0.0,0.0,0.0,0.0,0.0,0,0.0,0.0,0.0
118,2019-10-24,419.5,,,,,,,,,,,0,./Chagoi_wheat_futures_2019-05-01_2019-10-31/signal_only_4WEAT US EQUITY/tradelog/WEAT US EQUITY_1KWC1 COMDTY.csv,0.0,0.0,0.0,0.0,0,0.0,49766.25,49766.25,49766.25,0.0,0,0,0.0,0.0,0.0,0.0,0.0,0,0.0,0.0,0.0
119,2019-10-25,422.75,,,,,,,,,,,0,./Chagoi_wheat_futures_2019-05-01_2019-10-31/signal_only_4WEAT US EQUITY/tradelog/WEAT US EQUITY_1KWC1 COMDTY.csv,0.0,0.0,0.0,0.0,0,0.0,49766.25,49766.25,49766.25,0.0,0,0,0.0,0.0,0.0,0.0,0.0,0,0.0,0.0,0.0
120,2019-10-28,417.0,,,,,,,,,,,0,./Chagoi_wheat_futures_2019-05-01_2019-10-31/signal_only_4WEAT US EQUITY/tradelog/WEAT US EQUITY_1KWC1 COMDTY.csv,0.0,0.0,0.0,0.0,0,0.0,49766.25,49766.25,49766.25,0.0,0,0,0.0,0.0,0.0,0.0,0.0,0,0.0,0.0,0.0
121,2019-10-29,419.0,,,,,,,,,,,0,./Chagoi_wheat_futures_2019-05-01_2019-10-31/signal_only_4WEAT US EQUITY/tradelog/WEAT US EQUITY_1KWC1 COMDTY.csv,0.0,0.0,0.0,0.0,0,0.0,49766.25,49766.25,49766.25,0.0,0,0,0.0,0.0,0.0,0.0,0.0,0,0.0,0.0,0.0
122,2019-10-30,418.25,,,,,,,,,,,0,./Chagoi_wheat_futures_2019-05-01_2019-10-31/signal_only_4WEAT US EQUITY/tradelog/WEAT US EQUITY_1KWC1 COMDTY.csv,0.0,0.0,0.0,0.0,0,0.0,49766.25,49766.25,49766.25,0.0,0,0,0.0,0.0,0.0,0.0,0.0,0,0.0,0.0,0.0
123,2019-10-31,419.75,,,,,,,,,,,0,./Chagoi_wheat_futures_2019-05-01_2019-10-31/signal_only_4WEAT US EQUITY/tradelog/WEAT US EQUITY_1KWC1 COMDTY.csv,0.0,0.0,0.0,0.0,0,0.0,49766.25,49766.25,49766.25,0.0,0,0,0.0,0.0,0.0,0.0,0.0,0,0.0,0.0,0.0
